avgSpeed;trafficScale;stops_per_m;emission_per_m;timeloss_per_m;delta_elevation_per_m
0.10287731423721151;0.3;0.32076532179092715;0.1749439772719515;0.21439694743869947;-0.06422035769460671
0.6521988867608268;0.3;0.27954350350956925;0.3108605578138109;0.018397989754789672;0.00020801073345464577
0.5960266646068286;0.3;0.3035003029081928;0.4962217799317286;0.013398047735555056;0.14219566750998253
0.3611938503259594;0.3;0.24901712054555433;0.1401557900310775;0.05471401929448813;-0.19856761905453446
0.2799305869780696;0.3;0.25253032953379567;0.3428362407561172;0.09206143419228573;0.19769207813783612
0.22489195098446285;0.3;0.25261204215109645;0.32290859972400193;0.1220601463776833;0.19775171558175472
0.1737722962569101;0.3;0.25148469545365193;0.3441385387768496;0.159301132224827;0.1968719690076378
0.3534001405662244;0.3;0.13930704321190837;0.329929862710122;0.05789963487182935;-0.014554326292926634
0.5125266602495786;0.3;0.2367938306232317;0.2707072739564868;0.03882071910706217;-0.04726235801175532
0.5075266934769566;0.3;0.29073663645053205;0.2105149329190614;0.03268408705701334;0.037885185015853085
0.5163583696775776;0.3;0.2367938306232317;0.25748370608360815;0.02852734661655326;-0.047260307464872794
0.16138961541132052;0.3;0.262243360777663;0.24843163708690805;0.1807645256277802;0.08218363809621879
0.19570780518881234;0.3;0.262243360777663;0.25241365618634054;0.14695757719254246;0.0821854043754103
0.636847359321594;0.3;0.42580456587286936;0.21693650265804426;0.01183443443905735;0.1122231886123472
0.37049667632747885;0.3;0.7040315401246343;-0.020184463455253952;0.04600306585000043;-0.509778887678497
0.33724658422935666;0.3;0.7040315401246343;-0.03838975221540666;0.054796547732827126;-0.509778887678497
0.6156832231075964;0.3;0.2507382915119123;0.19682590944106526;0.018175755411244898;-0.2711275554856292
0.15977587077206157;0.3;0.16411539992715507;0.678482737014186;0.19253748293626247;0.33779782906468525
0.12993039408345203;0.3;0.164092257802519;0.7494898210108614;0.2508782493974703;0.3382315083079658
0.1203299098671259;0.3;0.2697450680575412;0.1112264374587309;0.2665715120888937;-0.3293977774610803
0.31699617188262275;0.3;0.205026375242721;0.27104873833488524;0.07276752173558974;-0.004393898930133089
0.32936661804431333;0.3;0.205026375242721;0.21090510193341477;0.06589105199942102;-0.00439153166015549
0.8765464880660894;0.3;0.08504473613057051;0.5365827266551061;0.005712591616565824;0.10131306443015337
0.5862013834921007;0.3;0.29073663645053205;0.20934181835028373;0.024071774837044466;0.03789530232581996
0.47541966709656525;0.3;0.23860472276099873;0.24246457436912874;0.03149307590316582;-0.04715928457170479
0.15086241004770437;0.3;0.19121582100963022;0.42846928947601465;0.20632580443228693;0.07322292457367918
0.2667456438064354;0.3;0.2187628172969969;0.2966144728195844;0.08850443802541451;-0.08307903415476808
0.3271196323701191;0.3;0.21862721988934383;0.2605173426961284;0.05732487700757211;-0.08302963116839018
0.21333227203072355;0.3;0.19142079286664376;0.3808661881288449;0.1316109636164307;0.0732975473331482
0.16688356343265712;0.3;0.21715500642709878;0.25725598539303335;0.16309622362390128;-0.0824788317866334
0.10639742810964792;0.3;0.19142079286664376;0.42415730281714165;0.3090766304378486;0.07330069888264779
0.3633551098419879;0.3;0.11144563456952669;0.3258410462288543;0.05595963650505659;-0.01455488925504933
0.10261678825341808;0.3;0.32076532179092715;0.16490756843118676;0.21096467824689663;-0.06422035769460671
0.6521997911972973;0.3;0.27954350350956925;0.3124954032070194;0.018793881943177253;0.00020801073345464577
0.5711915937181453;0.3;0.3035003029081928;0.477416555967812;0.013808963650807115;0.14219515647104902
0.19146957720809266;0.3;0.24895176140061687;0.17300341390489357;0.15502035311288842;-0.19851458671896122
0.20632682000889233;0.3;0.25407733416115064;0.3264416518425355;0.14027973267923347;0.19890220938092307
0.14837262253883118;0.3;0.25224098964753916;0.3240383420977563;0.21035114955165227;0.19746495210064813
0.19225964698570405;0.3;0.25378444047127857;0.32160055849170327;0.1446079485191202;0.19867105543085012
0.3956596189640258;0.3;0.13930704321190837;0.3879934605829281;0.05539517370342497;-0.014543817666640146
0.506883885555444;0.3;0.2367938306232317;0.2565306192747216;0.03059533638387722;-0.047266231266977946
0.5184417371435768;0.3;0.29073663645053205;0.20428165573223117;0.030831239009689357;0.037885511380690684
0.5050303953923829;0.3;0.2367938306232317;0.23550642468742744;0.035071988621507726;-0.04726440855863788
0.19496092568224302;0.3;0.262243360777663;0.24523748848959934;0.14762814528784013;0.08218069429756625
0.2039110453281672;0.3;0.262243360777663;0.29143148329632423;0.13938875474254162;0.08218304933648829
0.6558569708097715;0.3;0.42580456587286936;0.22453089183926545;0.012144324088204641;0.11223466024300553
0.37049667632747885;0.3;0.7040315401246343;-0.020184463455253952;0.04294265719471744;-0.509778887678497
0.3704961045084897;0.3;0.7040315401246343;-0.0213642510562881;0.039563744471237575;-0.509778887678497
0.5927583618850607;0.3;0.2507382915119123;0.17216729464937303;0.016064895249519276;-0.27112811841545337
0.09936346443422475;0.3;0.164092257802519;0.6562828522455078;0.33041569964607254;0.3375286215730603
0.10294026502890133;0.3;0.1652390236081333;0.6237532996413383;0.31854242360152446;0.3400746490939828
0.13165135809539308;0.3;0.27084177298177425;0.08554499212724151;0.2390283025530077;-0.33073227003823596
0.3192440477538345;0.3;0.205026375242721;0.20378233223502773;0.06708590774948921;-0.004392912567642349
0.3401520507483722;0.3;0.205026375242721;0.21501129691651266;0.06332044141272657;-0.004392518022646064
0.8619560184405118;0.3;0.08504473613057051;0.4987742795238717;0.00427231595569813;0.0997506098976248
0.5009356486221818;0.3;0.29073663645053205;0.21390399458969292;0.0317481319219968;0.03788094227296371
0.43131650968793084;0.3;0.23860472276099873;0.27466539073944507;0.0370726845565369;-0.04714987175281016
0.12206010128756396;0.3;0.19263019072330564;0.3766752721821167;0.25837091041227517;0.07376287616857402
0.28200741089710935;0.3;0.21873906878642266;0.2723738174046692;0.07838983085403037;-0.0830742799572553
0.24939648843433804;0.3;0.2173240717668095;0.2846192465190435;0.09873953931427965;-0.08253410892681523
0.20415709766921164;0.3;0.19109766608020454;0.3283047395746161;0.12983432156739602;0.07317274524479817
0.3238871226718257;0.3;0.21893740417083496;0.3131442519840039;0.0634682685668211;-0.0831465007555422
0.0813032866407851;0.3;0.19121582100963022;0.4141474731428773;0.413506222184912;0.07322070654140178
0.38078592813881434;0.3;0.11144563456952669;0.33169855697840694;0.05248517615326582;-0.014531995462067682
0.09959105727663572;0.3;0.32076532179092715;0.1688657865953742;0.22023937624680506;-0.06422035769460671
0.612386843494333;0.3;0.27954350350956925;0.26514547232174984;0.013663779001988145;0.0023400885637351945
0.5922107135823048;0.3;0.3035003029081928;0.5039095124479317;0.013751256330989637;0.1421960082026048
0.20413325877387378;0.3;0.24895176140061687;0.16329928481305056;0.14420382014960234;-0.1985103186109623
0.2425304616252486;0.3;0.2530188765482883;0.31258478670129464;0.11290491399938206;0.19806880253152304
0.19435174892583554;0.3;0.25224098964753916;0.3281613568292101;0.15101553240585058;0.19746556988630123
0.16690569927934276;0.3;0.25366709157106315;0.31278400035457676;0.16796826081473004;0.19857996733532582
0.369425384710116;0.3;0.13930704321190837;0.354056044172832;0.058095826797056646;-0.01455076086615087
0.5374552959558925;0.3;0.2367938306232317;0.24959901948437596;0.02910090105009034;-0.04726554775135042
0.571018191420222;0.3;0.29073663645053205;0.22358504387734568;0.030085906101763763;0.038259981492649156
0.5004559366459578;0.3;0.2367938306232317;0.2767158941126714;0.04133051878606666;-0.04726213017321283
0.19202943046001325;0.3;0.262243360777663;0.24608128356011166;0.1452072225232783;0.08218304933648826
0.19130972492558723;0.3;0.262243360777663;0.25723083760367577;0.15082280047005311;0.08218422685594928
0.6760390591030677;0.3;0.42580456587286936;0.23934976080873263;0.013082368431569413;0.11223609419683779
0.37049667632747885;0.3;0.7040315401246343;-0.020184463455253952;0.04385662539041281;-0.509778887678497
0.37049667632747885;0.3;0.7040315401246343;-0.020184463455253952;0.04832953034813411;-0.509778887678497
0.6023700561445069;0.3;0.2507382915119123;0.17356498957776384;0.015759116441045003;-0.2711275554856292
0.09398692276277747;0.3;0.1644218656055574;0.7042758339966962;0.3550847993154767;0.3388781601489348
0.10338142413031219;0.3;0.16512558938269553;0.7278885314621801;0.32311818783931806;0.3398412721535868
0.13539443938046386;0.3;0.2721287073714347;0.15228568177159515;0.23548370872238403;-0.3323052469810362
0.3480418878851704;0.3;0.205026375242721;0.2203764689909757;0.05893277439608273;-0.004394490747627544
0.2828070347061994;0.3;0.205026375242721;0.22422083708303608;0.08263631585259464;-0.004392912567642349
0.9060221619467488;0.3;0.08504473613057051;0.5392664278706168;0.005782848965876442;0.10242491051555197
0.5212437134340667;0.3;0.29073663645053205;0.223425440032199;0.03451024799254458;0.037887469569716545
0.4299640225969398;0.3;0.23860472276099873;0.24367367098199466;0.02599928675323521;-0.04715170840039935
0.15472028780683297;0.3;0.19242618935337688;0.39087306424110807;0.19682917218188511;0.0736826709184989
0.2533081719138289;0.3;0.2192918043231969;0.26032710541521004;0.09309675407965413;-0.0832858342538309
0.3679253201503706;0.3;0.21825403742225832;0.26294250919093437;0.04801206543963553;-0.08289285655647544
0.13138467322609337;0.3;0.1916467700559567;0.40643790247745304;0.2416274579781549;0.07338651514381317
0.43492106883732395;0.3;0.22041262640487114;0.25686602241845036;0.031199987469932678;-0.08368721683963581
0.09620188180726875;0.3;0.19121582100963022;0.3613860832935623;0.3374694571927996;0.07321906090455066
0.3498061032074212;0.3;0.11144563456952669;0.34817355385983345;0.06454604735550734;-0.014539313969660128
0.4556775671139191;0.5;0.4854431933775299;0.1275768675844517;0.030816071407226975;-0.20216609145589487
0.18578210746450582;0.5;0.2804470292615709;0.4096638570375922;0.1417829669341794;0.11327086199044659
0.18656604103940694;0.5;0.2804470292615709;0.35958694554248927;0.1349243988651789;0.11323938056096822
0.09983660544202297;0.5;0.32076532179092715;0.17295942272365525;0.22078828694475883;-0.06422035769460671
0.10108157745236065;0.5;0.32076532179092715;0.15583428841730804;0.21226439783055728;-0.06422143791473425
0.6395357175818162;0.5;0.27954350350956925;0.3009456836278897;0.01663846891751152;0.00020801073345464577
0.6458055760896078;0.5;0.27954350350956925;0.30703914133608534;0.017820646980057774;0.00020706933331412353
0.1646619635707228;0.5;0.25366709157106315;0.31286145945093646;0.17986963758760677;0.19857670562348897
0.326716883897701;0.5;0.25148469545365193;0.333182055940562;0.07536636279972704;0.19687119909095485
0.17028334587728844;0.5;0.25072115404410344;0.1669506144123162;0.17747677484173383;-0.19992504307920794
0.509689178840498;0.5;0.2367938306232317;0.255955084832388;0.02332809563783079;-0.04726030746487277
0.5068834572158066;0.5;0.2367938306232317;0.2228603385451006;0.03097060865825647;-0.0472646363971804
0.49199036918249994;0.5;0.29073663645053205;0.23319277611426623;0.039243397891212735;0.03789040685325533
0.572571931887387;0.5;0.23008790706373786;0.20886846780144147;0.027355032348312196;-0.049750717589751955
0.1858620072891;0.5;0.27253705919131943;0.22420432441040572;0.11541831056874695;0.016420059145170432
0.19721912115428797;0.5;0.262243360777663;0.2623114159038608;0.14489772955621785;0.08218304933648829
0.1786009764031428;0.5;0.262243360777663;0.24047478531560812;0.15713645699808654;0.08218304933648826
0.6866004249069022;0.5;0.42580456587286936;0.2524262284762034;0.01490820474276156;0.11222462256617953
0.37049667632747885;0.5;0.7040315401246343;-0.020184463455253952;0.045407601722501925;-0.509778887678497
0.37049667632747885;0.5;0.7040315401246343;-0.020184463455253952;0.046030761855930594;-0.509778887678497
0.17509101899908927;0.5;0.7040315401246343;-0.04377251039389874;0.15558231331268957;-0.5135542372804315
0.6076760841349227;0.5;0.1532341999202799;0.31002676720603983;0.008819116082478108;0.026512280786453235
0.5635996877020587;0.5;0.27692292300304144;0.43255396832167786;0.014939187138212543;0.30853121019800755
0.5991318348680436;0.5;0.2507382915119123;0.17147150823055862;0.015683493724970722;-0.27112811841545337
0.10075311867876101;0.5;0.16512558938269553;0.5761813972086158;0.32242219842861913;0.3399598254594425
0.09311873013782428;0.5;0.16512558938269553;0.6499901937359961;0.3583454598653736;0.33985402069837956
0.17126927050112914;0.5;0.14031325762328228;0.214897543422896;0.17890239984934822;-0.356848872219917
0.21173434016741266;0.5;0.14024038820833645;0.12927855180917627;0.13044754821739946;-0.3566616594319322
0.4595972031445136;0.5;0.22549588687322933;0.15483761249804462;0.04495730390616141;-0.2464804591701125
0.20869763620695667;0.5;0.22549588687322933;0.13671276458847767;0.13988614140138828;-0.24646982774424514
0.33017176650231317;0.5;0.205026375242721;0.20755253951469813;0.06407053889902782;-0.004395082565121944
0.29166333828749;0.5;0.205026375242721;0.21275809244221608;0.07441750576075623;-0.004395279837620003
0.8323598540630864;0.5;0.08504473613057051;0.49338641527178595;0.00518900708479859;0.09936171466164107
0.8051545746366385;0.5;0.08504473613057051;0.48643673217113764;0.007398768000020685;0.09980745431685067
0.6373477090222772;0.5;0.23742494424429575;0.25232638597407964;0.017475320923426668;-0.1130937872174066
0.5142939867176375;0.5;0.29073663645053205;0.21545992120670635;0.03306914395573704;0.03789562869065756
0.48949300766272613;0.5;0.29073663645053205;0.22285877998819859;0.035226987566406534;0.03788812229939187
0.461388607332699;0.5;0.29073663645053205;0.22250853009747554;0.04247635086267515;0.037886164110365994
0.5079948499319029;0.5;0.23860472276099873;0.2221263357521084;0.031798807884172456;-0.04715561127652641
0.12057721846263708;0.5;0.1916467700559567;0.4071464342802478;0.26334460581104363;0.07338350329519089
0.16523368830563104;0.5;0.21762246154164466;0.27093550588405685;0.16807299872940862;-0.08265390984873361
0.20791295112469532;0.5;0.19379954419052975;0.40192877004034705;0.13859464217741704;0.07421587177164035
0.07222844860475693;0.5;0.19162266693743424;0.3780332508579175;0.4677930255458657;0.07337620991011468
0.3725372482782248;0.5;0.2194142206345769;0.2849281680492988;0.048691595237266336;-0.08332851609973141
0.27523341717682653;0.5;0.19286776908453018;0.39020942827068766;0.09412790798399055;0.07385247963010977
0.3753831813975713;0.5;0.11144563456952669;0.317191068064872;0.049317608198478656;-0.014537062121170008
0.5149695380969921;0.5;0.1354532931069498;0.3469097752647112;0.013882382310468991;0.015681424113464015
0.40188215780481673;0.5;0.4854431933775299;0.10640838062072719;0.04443854461761032;-0.20216718131915343
0.1815858803947701;0.5;0.2804470292615709;0.32206351939557876;0.1384548146004285;0.11324630647545342
0.17006235625023772;0.5;0.2804470292615709;0.33778743028204283;0.15180787661573183;0.11324504721827441
0.10366662828561199;0.5;0.32076532179092715;0.16905469175287896;0.2085418999938593;-0.06422035769460671
0.09767130303843835;0.5;0.32076532179092715;0.15734011185310426;0.21966522827538215;-0.06422035769460671
0.6521981833102387;0.5;0.27954350350956925;0.3099808512777586;0.018211040665828866;0.00020801073345464577
0.6209805374814729;0.5;0.27954350350956925;0.28585533675401903;0.015390308823567329;-6.138449714053473e-06
0.14376044142434147;0.5;0.25148469545365193;0.3226511698401154;0.21945355921319598;0.1968681194242234
0.302121806199019;0.5;0.25253032953379567;0.3099815567455202;0.08182546202187296;0.1976902226549332
0.21701869128142712;0.5;0.25115423099797984;0.18895177648194986;0.13090809592381245;-0.2002654576415103
0.5212293494926868;0.5;0.2367938306232317;0.23074324693203774;0.0315721088994601;-0.04726372504301035
0.5322776361653914;0.5;0.2367938306232317;0.2316437802798522;0.030185464538101302;-0.04726190233467033
0.5298351129798091;0.5;0.29073663645053205;0.21798684150608433;0.028987922073719922;0.03788649047520358
0.5793717842911691;0.5;0.23008790706373786;0.2400074958910703;0.030360118348303256;-0.049742710787775424
0.19490176741118556;0.5;0.27253705919131943;0.1909726023548234;0.10750861421965212;0.01641133999765064
0.20934320585726854;0.5;0.262243360777663;0.26970013311860486;0.1336425019874524;0.08218128305729674
0.15316278231848665;0.5;0.262243360777663;0.2665742932478786;0.19269032129184333;0.08218246057675777
0.6277514248631679;0.5;0.42580456587286936;0.2114902005489548;0.010737257573157482;0.11222892442767637
0.3704962474632369;0.5;0.7040315401246343;-0.0231196750225703;0.043551969325181024;-0.509778887678497
0.37049667632747885;0.5;0.7040315401246343;-0.020184463455253952;0.04741556215243874;-0.509778887678497
0.37049667632747885;0.5;0.7040315401246343;-0.020184463455253952;0.041128568806291774;-0.509778887678497
0.6935031948517073;0.5;0.1532341999202799;0.3874738980292064;0.011302025121571777;0.0265133128597837
0.4244685963820329;0.5;0.27692292300304144;0.4568055325918454;0.01858138565538006;0.3085287233313805
0.5896205705838823;0.5;0.2507382915119123;0.16309592627600233;0.01523304537270217;-0.27112811841545337
0.08073945474648882;0.5;0.16469209218194306;0.7027070233711178;0.4214360886320068;0.3394748759495527
0.2796433202271659;0.5;0.1659141772432641;0.6650617891711423;0.09534156949894367;0.34186554470750374
0.2507770118798578;0.5;0.14135208563140908;0.20573279467348968;0.1091601543243579;-0.35948323431873525
0.21610958966636393;0.5;0.14057692966963484;0.20657216514399473;0.1334436471889953;-0.3575183462250182
0.1161182239188444;0.5;0.22549588687322933;0.15719065692831802;0.2789339905338081;-0.24647058713180708
0.24399152219503278;0.5;0.22549588687322933;0.11601277289884683;0.11017777305455824;-0.2464671698877783
0.3200008629078288;0.5;0.205026375242721;0.2155116741683356;0.06811484331825574;-0.004392912567642349
0.32038058101076883;0.5;0.205026375242721;0.216719428758624;0.06889374639158852;-0.004391137115159149
0.7895859991648467;0.5;0.08504473613057051;0.45672001185053246;0.005446617365604194;0.09768843528590809
0.7058025614317844;0.5;0.08504473613057051;0.40129773306637784;0.004713933579936307;0.10274378695417274
0.5984263313590577;0.5;0.23742494424429575;0.26348857826688793;0.02471389586498501;-0.11309938413921483
0.5283840382756293;0.5;0.29073663645053205;0.2094719083034965;0.029294823859336346;0.03788649047520358
0.5048695919381982;0.5;0.29073663645053205;0.21476657023439888;0.035116426674693786;0.037886816840041276
0.5102121810052007;0.5;0.29073663645053205;0.2332510940280677;0.03654037471106314;0.03788877502906712
0.5336906925437478;0.5;0.23860472276099873;0.2302793413438997;0.02806968227373628;-0.04715354504798856
0.09583714414175828;0.5;0.19228181975012185;0.45258884194206833;0.3485345819374534;0.07362300093782848
0.3251046251670614;0.5;0.2194142206345769;0.2892962704747397;0.0645368863829042;-0.08332696050660005
0.08563016846725208;0.5;0.19121582100963022;0.4142253043647713;0.38899616289991085;0.07322092118968665
0.09663590513229962;0.5;0.19242618935337688;0.4201161875595155;0.34326731075436173;0.07368339094175685
0.40540846089941807;0.5;0.22023567978739486;0.28444624377445776;0.03667331558244434;-0.08362385845641129
0.08511933604129782;0.5;0.19132288054560329;0.41640209019219326;0.3931657777539272;0.07326427919328815
0.3757020911844812;0.5;0.11144563456952669;0.35428099949938985;0.057260641059496846;-0.01453856335349668
0.6256528294343918;0.5;0.1354532931069498;0.3594223516740368;0.01945611684525474;0.015658160102225094
0.43187283339838956;0.5;0.4854431933775299;0.12965393581011392;0.036742483817912445;-0.20216609145589487
0.18539252076345802;0.5;0.2804470292615709;0.3645059563557567;0.14162115621298046;0.11325008424699087
0.19350589016416034;0.5;0.2804470292615709;0.38457825043812754;0.13499059416021483;0.11326330644737179
0.10393204977658561;0.5;0.32076532179092715;0.17920139201571628;0.21153251689995226;-0.06422035769460671
0.09983650544412094;0.5;0.32076532179092715;0.16593795014777274;0.21856740687947462;-0.06422035769460671
0.6521986857749446;0.5;0.27954350350956925;0.31194172625251393;0.018821374456259723;0.00020801073345464577
0.6395354219569502;0.5;0.27954350350956925;0.3008041086426118;0.016577985388730083;0.00020801073345464577
0.16962395955464896;0.5;0.25366709157106315;0.36302365467792;0.1790840142714004;0.19857686094310026
0.22854988980734592;0.5;0.25253032953379567;0.3500152159289275;0.12806886408767634;0.19768914028990653
0.14737808715340583;0.5;0.2494608802236446;0.14260495424082953;0.20861976539977467;-0.19891689313331873
0.5525034758545821;0.5;0.2367938306232317;0.26305497929849436;0.0323279764592027;-0.047265092074265394
0.4722249501372175;0.5;0.2367938306232317;0.2505293160248655;0.042458997114696466;-0.04726281368884035
0.4996370464413318;0.5;0.29073663645053205;0.1979583002096912;0.029996313655031023;0.037887143204878904
0.49880478831524805;0.5;0.23008790706373786;0.19698950146418054;0.03438952834126316;-0.04974787646647005
0.18551458269643423;0.5;0.27253705919131943;0.1831704844872049;0.11557913123324903;0.016413634510155872
0.18017567240880386;0.5;0.262243360777663;0.28413165480827546;0.16107733411198977;0.0821859931351408
0.19570788296495834;0.5;0.262243360777663;0.26578930032995807;0.1434499902325239;0.08218246057675777
0.6760387468019273;0.5;0.42580456587286936;0.24197405898115515;0.013668646146172397;0.11223035838150867
0.37049667632747885;0.5;0.7040315401246343;-0.020184463455253952;0.04712475409017203;-0.509778887678497
0.37049667632747885;0.5;0.7040315401246343;-0.020184463455253952;0.042084081010882395;-0.509778887678497
0.37049667632747885;0.5;0.7040315401246343;-0.020184463455253952;0.040713128717339335;-0.509778887678497
0.7638176013249841;0.5;0.1532341999202799;0.466065837381615;0.013723313542484539;0.026516065055331606
0.48773020619061636;0.5;0.27692292300304144;0.44494499704390766;0.017139757727847156;0.3085318319146643
0.5744260999096646;0.5;0.2507382915119123;0.14859988131513638;0.013908003869313658;-0.27112811841545337
0.11936516165684584;0.5;0.16625650213748921;0.6716396994904089;0.2701143827986086;0.3424437801340955
0.13455805195703605;0.5;0.16512558938269553;0.7368999782572975;0.24070747369728052;0.3395886746719574
0.16759317914717697;0.5;0.14084822394048338;0.16618175028701607;0.180629405313593;-0.35821091658347587
0.1973102097067645;0.5;0.14061370855384395;0.25234084803981;0.15337074242442506;-0.3576078580425279
0.15504179350476416;0.5;0.2368717761104301;0.12440951592031008;0.20158588214304843;-0.2588866666219876
0.23702064034021508;0.5;0.22549588687322933;0.146436050458672;0.11838549709543748;-0.24646641050021634
0.31079456219738893;0.5;0.205026375242721;0.22015721730187812;0.071341069065788;-0.004393109840140519
0.32936649426642245;0.5;0.205026375242721;0.22739149324115285;0.06683587525405546;-0.004396068927612573
0.7721637118680306;0.5;0.08504473613057051;0.44140193495967134;0.004847757102432726;0.10170396446281038
0.9088613400678209;0.5;0.08504473613057051;0.5263560374728727;0.0035279226118118076;0.10086474717922111
0.6425720369615919;0.5;0.23742494424429575;0.2622642867376178;0.024858667363816176;-0.11312097226618911
0.5372151389117744;0.5;0.29073663645053205;0.22260842969433836;0.03321020440378434;0.0378877959345542
0.515669050052246;0.5;0.29073663645053205;0.23685535489715767;0.03666999782548499;0.03789269140711883
0.518441409731091;0.5;0.29073663645053205;0.22414505619696035;0.03420143998465725;0.037891385947768266
0.5098834386835259;0.5;0.23860472276099873;0.2643877317296021;0.037064638978089356;-0.04715423379083451
0.08044464767203884;0.5;0.19142079286664376;0.37045734960467136;0.4129450133271835;0.07329525529714837
0.2533987281261098;0.5;0.21780795082411927;0.2614768839141559;0.09100973261536839;-0.08272034451125104
0.10619450784799422;0.5;0.19230653435079148;0.41173808436425097;0.30717600938542794;0.07363836445826383
0.26826919207316535;0.5;0.19376155780213627;0.4106463813421918;0.09483894641786891;0.07420299236419048
0.43468433462276795;0.5;0.22041262640487114;0.2452927731917271;0.029185156562042135;-0.08368737310679403
0.3062517713381819;0.5;0.19262147723555922;0.36333558086255374;0.07479647168660818;0.07375716106990676
0.37845817485388267;0.5;0.11144563456952669;0.3276646023795633;0.05241283723111497;-0.014523926338311843
0.5432969243000624;0.5;0.1354532931069498;0.39620503870450247;0.017604422054778596;0.015676178307008237
0.44861279863153264;0.7;0.4854431933775299;0.148839841532729;0.039517903593485865;-0.2021639117293778
0.1846187147210882;0.7;0.2804470292615709;0.350293047808252;0.14292299701535374;0.1132425287039159
0.18656610527856554;0.7;0.2804470292615709;0.3509962584976757;0.13317390106311766;0.11327401013339441
0.19375441877848232;0.7;0.21675231746591098;0.2196843705600363;0.10529597633290305;-0.01717475987266978
0.10209964814002705;0.7;0.32076532179092715;0.16864285418459332;0.21389220196931671;-0.06422035769460671
0.6521993892255328;0.7;0.27954350350956925;0.31489287934447296;0.019299744183894723;0.00020801073345464577
0.6522002936620033;0.7;0.27954350350956925;0.3168179329812824;0.01984409594292765;0.00020801073345464577
0.5372012856881763;0.7;0.3035003029081928;0.48259421397559293;0.018628519809356696;0.14219243093007022
0.5395500002146432;0.7;0.3035003029081928;0.4391349490391873;0.012920469916375906;0.1421953268173602
0.1738689502103368;0.7;0.25366709157106315;0.3090203324560124;0.17005751081152362;0.19858229712949493
0.22537898129121764;0.7;0.25253032953379567;0.30154243835696026;0.11938535672765174;0.19768651168912757
0.16422371019652768;0.7;0.25261204215109645;0.31819486404906366;0.18777260975729937;0.1977526436234005
0.0813198567902211;0.7;0.25265920810450615;0.1848016036200218;0.4175379197451239;-0.20146874561976175
0.7687567701202165;0.7;0.15348401335270437;0.4862633968159447;0.014988158383158257;0.05830728139912311
0.4977503853748477;0.7;0.2367938306232317;0.24805570028825197;0.030117596148053986;-0.04726668694406297
0.5312953289806222;0.7;0.29073663645053205;0.23905734678864907;0.03451024799254458;0.03789269140711886
0.4894932395106539;0.7;0.29073663645053205;0.20033951341439735;0.034121378649279055;0.03788420592134015
0.5594390592626115;0.7;0.23008790706373786;0.21058812903667465;0.028121389621402287;-0.049740902800232314
0.20131892635716625;0.7;0.27253705919131943;0.2188999425345639;0.10538846179263281;0.016415929022661063
0.14678107263701995;0.7;0.262243360777663;0.2472857710044905;0.2032956136297818;0.08218363809621881
0.18596927126483487;0.7;0.2176288915936231;0.18869437376600373;0.11987412439947491;-0.08023651036440463
0.18407130775933442;0.7;0.262243360777663;0.2847082111950385;0.1597327591106493;0.08218481561567981
0.18275406987029572;0.7;0.262243360777663;0.2448475682971246;0.15539641876105773;0.0821854043754103
0.11609050778970455;0.7;0.262243360777663;0.28449680668436256;0.2731688091597987;0.08218304933648829
0.03631641815420918;0.7;0.27329726100436424;0.0940865828369316;0.25179505559984106;-0.09515533342771834
0.040291048177722166;0.7;0.27329726100436424;0.09323328425014382;0.2250781165235983;-0.09515533342771834
0.6558595461288761;0.7;0.42580456587286936;0.22321413769117368;0.011826059043134449;0.11223179233534096
0.6657960430560513;0.7;0.42580456587286936;0.23529862732772577;0.0135765167910205;0.11223609419683779
0.6866013764494391;0.7;0.42580456587286936;0.2483558307921104;0.01459831509361427;0.1122274904738441
0.060920777566308336;0.7;0.5539012627323848;0.13114129666554078;0.5576389812185799;-0.15407784671897298
0.6657937362862654;0.7;0.42580456587286936;0.23529224262041729;0.013568141395097598;0.11223609419683779
0.37049667632747885;0.7;0.7040315401246343;-0.020184463455253952;0.045449145731397175;-0.509778887678497
0.6698521956813818;0.7;0.1532341999202799;0.35546999560652376;0.010245767351231687;0.02651400090867062
0.5764099825676067;0.7;0.27692292300304144;0.44567297145294205;0.017339479481031816;0.308532453631321
0.37135622704480836;0.7;0.16602869788386312;0.6485466483646544;0.061988390122907785;0.34157786231109066
0.09629600780242335;0.7;0.26842428862084283;0.1457847231126906;0.3453501621207321;-0.3277762366025252
0.6527138902450549;0.7;0.15779635809608508;0.6358991707257446;0.012173055360195155;0.38270862184033216
0.19324363787638535;0.7;0.14089159913670238;0.17064965226023476;0.14996725970733318;-0.358319015942571
0.23318306261325591;0.7;0.14188956256399807;0.250055832969182;0.12518430661805552;-0.3608450358885658
0.21179643548786295;0.7;0.21675231746591098;0.20860105579265156;0.0934287286308022;-0.01717548981509219
0.15801368289509912;0.7;0.22549588687322933;0.1487084904790473;0.1993050957994636;-0.24647514345717883
0.17714287480731158;0.7;0.1942638167060285;0.32936765786160394;0.17484912940491346;0.15076846471332742
0.1829713008357984;0.7;0.22954361216674857;0.11560167642014954;0.1666044548620203;-0.25087703575686976
0.14610571657760513;0.7;0.1939500532541062;0.3499186165157527;0.22275037920631494;0.15053235478479496
0.28369788151412556;0.7;0.205026375242721;0.21964008559247414;0.08141956785638246;-0.004391728932653549
0.32344998616047255;0.7;0.205026375242721;0.22102668228073752;0.06927167569344231;-0.004393504385136804
0.2997564662013336;0.7;0.205026375242721;0.20128239452084393;0.07235963462322317;-0.004393109840140574
0.29810227069061596;0.7;0.205026375242721;0.21400743786589096;0.07472860610069683;-0.004393701657634974
0.8064591011140096;0.7;0.08504473613057051;0.4499402747271978;0.0035814520208103744;0.10241689132885973
0.6937506102537645;0.7;0.23742494424429575;0.27887923919271723;0.016289128642680978;-0.11313216610980548
0.44851236294796165;0.7;0.29073663645053205;0.21013999625285543;0.045997143397044894;0.03788649047520358
0.4382066470610965;0.7;0.23860472276099873;0.2750365482859691;0.029760594677461564;-0.04715354504798856
0.5622745892722792;0.7;0.29073663645053205;0.22845441847580863;0.029676068313518232;0.03789301777195646
0.5170516224367323;0.7;0.29073663645053205;0.2032467904467228;0.028349337612965257;0.037881921367476645
0.47957553988363727;0.7;0.23860472276099873;0.2863359391989485;0.04703176974485388;-0.047147346362375
0.3459389815820283;0.7;0.2194142206345769;0.25064961973171007;0.04952567747997374;-0.0833324050825599
0.21494266599518386;0.7;0.1923695742070897;0.3481272772432306;0.1266754227498879;0.07365940860448394
0.0743849149569244;0.7;0.19176560518968253;0.3703810871169991;0.450613724820942;0.07342692558088953
0.2545923545044113;0.7;0.21827523462779141;0.2730502798435338;0.09095506431599447;-0.08289162214453288
0.2599194333594795;0.7;0.21956564578646853;0.25843646021580285;0.08749951220176148;-0.08338843675175439
0.5432967647749221;0.7;0.1354532931069498;0.3287793776806661;0.023557820629338228;0.01568324874179655
0.5655163290027814;0.7;0.1354532931069498;0.372210100107018;0.013422788999163765;0.015668879793678314
0.4451627117026024;0.7;0.4854431933775299;0.13607773998985204;0.032706666988294206;-0.20216609145589487
0.1815859220776738;0.7;0.2804470292615709;0.36478729863359927;0.1459679805870065;0.11323875093237862
0.18423417698031144;0.7;0.2804470292615709;0.36738082910827985;0.14183812968004267;0.11324252870391605
0.16517052401111326;0.7;0.21675231746591098;0.18522108068262064;0.12066989234288174;-0.017171840102980118
0.10313895944154208;0.7;0.32076532179092715;0.16715936545281582;0.21090158506322376;-0.06422143791473425
0.6458044815047288;0.7;0.27954350350956925;0.30643285254427405;0.017749166446043352;0.00020706933331412353
0.6521984847890622;0.7;0.27954350350956925;0.316898031131027;0.019877086958626614;0.00020801073345464577
0.5243028711212993;0.7;0.3035003029081928;0.4627630630846824;0.018822535798398227;0.14223509917985383
0.5931607776854777;0.7;0.3035003029081928;0.5212260074956809;0.015169065481677735;0.14219379370055962
0.15242200418141838;0.7;0.25253032953379567;0.326714974624863;0.20327625622559087;0.19768527470052563
0.24091771471521253;0.7;0.25177230189621624;0.3294261189490068;0.11751520589586621;0.19709804343725262
0.12514432372064954;0.7;0.25224098964753916;0.346818945920342;0.2599794178756045;0.19746402542216845
0.09466262075350965;0.7;0.24895176140061687;0.15181973268816015;0.3453019448471403;-0.19851473915138973
0.6309104135880275;0.7;0.15348401335270437;0.5002548531057271;0.0270781096934351;0.05829694384021544
0.5641781110450539;0.7;0.23727578550846037;0.2389621599071002;0.02779866718546938;-0.04736174899773346
0.5448032387485443;0.7;0.29073663645053205;0.20838160634151467;0.028370306057945268;0.037885837745528395
0.5312949934504714;0.7;0.29073663645053205;0.23074750757534035;0.03315111151338615;0.037886490475203635
0.5314059440972289;0.7;0.23008790706373786;0.18702025273840372;0.028877186853327744;-0.04974555191105741
0.1781874931594688;0.7;0.27253705919131943;0.22276086995628858;0.12123197759049777;0.016422812560176678
0.1545532797329038;0.7;0.262243360777663;0.2659604638594471;0.18987049648084803;0.08218246057675777
0.2149929258033624;0.7;0.21495380811262496;0.1892981840110049;0.10511272023134417;-0.07925430094081491
0.1571685781637394;0.7;0.262243360777663;0.30797753220110274;0.19237738951403774;0.08218422685594928
0.2007065952941593;0.7;0.262243360777663;0.2596629988908035;0.14194035231541788;0.0821918807324459
0.11032360367681109;0.7;0.262243360777663;0.2822534962767475;0.28627067809869156;0.08218717065460182
0.03906126371237615;0.7;0.27329726100436424;0.09383459856881454;0.2323782379049942;-0.09515533342771834
0.04412832419394877;0.7;0.27329726100436424;0.09345176272798347;0.20353971225153678;-0.09515533342771834
0.6558592431501578;0.7;0.42580456587286936;0.2421695631221899;0.015770870522820234;0.11223179233534095
0.5706799499419783;0.7;0.42580456587286936;0.21885976730672999;0.020511344615181493;0.11223466024300553
0.646211418310389;0.7;0.42580456587286936;0.22167890913322424;0.01213594869228174;0.1122274904738441
0.12616033824842826;0.7;0.5539012627323848;0.16334762613414616;0.2426644203872659;-0.154059193353038
0.676037185296226;0.7;0.42580456587286936;0.24125299068620865;0.013342005705179306;0.11223035838150867
0.37049667632747885;0.7;0.7040315401246343;-0.020184463455253952;0.0440920414408192;-0.509778887678497
0.6682242913191886;0.7;0.1532341999202799;0.4076926277084484;0.015700531638897952;0.026513656884227244
0.554361014119209;0.7;0.27692292300304144;0.4767380121885587;0.02091994581994226;0.3085305884813508
0.1865502293428537;0.7;0.1654241901490673;0.6763007953258036;0.16196884779598905;0.3403808540969883
0.12934662107369826;0.7;0.2704487872845394;0.08991109149156112;0.24309994841222396;-0.330262585145226
0.7144696892591773;0.7;0.15779635809608508;0.7362943677403108;0.014520294808473482;0.38294972290205676
0.21172687134394896;0.7;0.14118751251311884;0.2021498742737292;0.13594685099857953;-0.3590650128895937
0.1912154622882389;0.7;0.1402384342177929;0.1675286860692006;0.15290717257259956;-0.35665236085395724
0.18287284619265398;0.7;0.21675231746591098;0.21815162029355464;0.11241163518499803;-0.01717366495903616
0.18406595592296252;0.7;0.22638531059583689;0.13214767033814448;0.16487765490989195;-0.24743587994684077
0.223914198363132;0.7;0.1942638167060285;0.3135744576771052;0.13062004500923452;0.15078481994802695
0.11802609970336048;0.7;0.22638531059583689;0.10374774367053798;0.27559909843311725;-0.24744197900936327
0.15526070440725903;0.7;0.1939500532541062;0.31529110131721566;0.19985071243642932;0.15052908902105702
0.32461590619036396;0.7;0.205026375242721;0.21925170928983742;0.0666158005691345;-0.004393898930133089
0.32461663814616143;0.7;0.205026375242721;0.22497224346007377;0.0689605753535017;-0.004397844380095883
0.32976884944451684;0.7;0.205026375242721;0.20269349441401793;0.06528613467175873;-0.004394885292623718
0.30901702579063317;0.7;0.205026375242721;0.21386877819706462;0.07204622983632003;-0.004390150752668465
0.8350248723599545;0.7;0.08504473613057051;0.46758040920096317;0.003926047591238649;0.098452478580689
0.5850288026703255;0.7;0.23742494424429575;0.3092824174559545;0.027959579467812787;-0.11312337094696412
0.4919905245363834;0.7;0.29073663645053205;0.1932561041875532;0.03263833772251151;0.03788159500263902
0.44459821258635795;0.7;0.23860472276099873;0.22745382535817735;0.03649206197857254;-0.0471542337908345
0.5463467057114246;0.7;0.29073663645053205;0.22607003173433543;0.03216940704386778;0.037887795934554186
0.5035514475717124;0.7;0.29073663645053205;0.22406439825460117;0.03597994536341576;0.03789367050163174
0.4907283141594706;0.7;0.23860472276099873;0.25830183010311375;0.04053898793768667;-0.04715469295273181
0.3402989077624334;0.7;0.21945789537816457;0.25044272167131626;0.05157571795486656;-0.08334712544472045
0.2702090602730044;0.7;0.1932587407704795;0.37449066561621264;0.09209325888987582;0.07400855322185673
0.2506414096506749;0.7;0.19262147723555922;0.4014111718458346;0.10466723749924803;0.07375932333187396
0.4243244733418299;0.7;0.22023567978739486;0.22403726455914177;0.030309007648541008;-0.0836244830232416
0.348789298364453;0.7;0.2194142206345769;0.263831668851694;0.04985640290082939;-0.08332532713381213
0.6431125307288565;0.7;0.1354532931069498;0.4523920808426302;0.013258933992524506;0.01567480983575892
0.6416198721997518;0.7;0.1354532931069498;0.39726683339186103;0.017633729454340087;0.015704688124703048
0.3686050972900154;0.7;0.4854431933775299;0.11545188385801809;0.05398700714825285;-0.20216718131915343
0.18461854520481166;0.7;0.2804470292615709;0.3689603705636028;0.1409702358117938;0.1132425287039161
0.1819594930091892;0.7;0.2804470292615709;0.34447714771651355;0.14127914718862816;0.11324315833250564
0.17653808947853922;0.7;0.21675231746591098;0.20780359940758675;0.11469896350983261;-0.017172205074191343
0.10133415452365332;0.7;0.32076532179092715;0.160429985472683;0.21396160447135684;-0.06422251813486177
0.6587206726326938;0.7;0.27954350350956925;0.3275523617995229;0.022142470036622237;0.00020801073345464577
0.6395339438326212;0.7;0.27954350350956925;0.30366362463332913;0.017738169440810362;0.00020801073345464577
0.5694349867953962;0.7;0.3035003029081928;0.4544005753724834;0.011422069508701324;0.14219430473949313
0.5989199486593517;0.7;0.3035003029081928;0.5022393347783256;0.013540326127518843;0.14219651924153837
0.2612932758387143;0.7;0.2557213504133953;0.3139157188489386;0.10143267258403653;0.20018874333162906
0.18648962410498715;0.7;0.25224098964753916;0.3023758672760957;0.15328427901740632;0.19745614865509123
0.15677999100311218;0.7;0.25366709157106315;0.32370076481207255;0.1956873375199094;0.19858167585104985
0.23192516012940279;0.7;0.2511902846700575;0.1659337027149282;0.12247541345269708;-0.20029882022455753
0.7091630253475822;0.7;0.15348401335270437;0.5216395728958301;0.022283992160377093;0.058286606281307995
0.5153947304677203;0.7;0.2367938306232317;0.22603816716195793;0.03300532960692979;-0.04726281368884036
0.48335939164390956;0.7;0.29073663645053205;0.19881927238318853;0.03537567290353748;0.03788257409715193
0.49834667653958037;0.7;0.29073663645053205;0.2121931910270333;0.03522508134413562;0.037891385947768266
0.5518459890906438;0.7;0.23008790706373786;0.18685138570497722;0.0249895831274357;-0.04974477705925323
0.1791518943967265;0.7;0.27253705919131943;0.2039782889216207;0.12009283121694124;0.01641547012015998
0.15455284978730982;0.7;0.262243360777663;0.23797413451126742;0.18568890261478668;0.08218363809621881
0.2061816927796318;0.7;0.21495380811262496;0.2055885711826642;0.11638132067704901;-0.07925545915793751
0.14892069403207683;0.7;0.262243360777663;0.25910009219664826;0.20391116075315763;0.08218246057675777
0.18813871466253065;0.7;0.262243360777663;0.25188986053193113;0.15176159580346985;0.08218246057675777
0.13477512580088316;0.7;0.262243360777663;0.2805371905572344;0.226672649075082;0.08218246057675777
0.04090433703822647;0.7;0.27329726100436424;0.09368437204520913;0.2200070945527219;-0.09515533342771834
0.039232334940313564;0.7;0.27329726100436424;0.09320758182339405;0.23190876519956324;-0.09515533342771834
0.6368470651248677;0.7;0.42580456587286936;0.21291068784395079;0.010737257573157482;0.11222892442767636
0.6368485361084993;0.7;0.42580456587286936;0.237564391160424;0.016047258588275926;0.11223466024300552
0.6103134623758414;0.7;0.42580456587286936;0.23514759597552998;0.016792668825414005;0.11222605652001179
0.2561439477268178;0.7;0.5539012627323848;0.15987088946498818;0.0971725391924763;-0.1540815773921601
0.6462121646182609;0.7;0.42580456587286936;0.22154993070684717;0.01221970265151074;0.11222892442767637
0.24378475561351182;0.7;0.7040315401246343;-0.03297022805490161;0.09877780514992567;-0.516790251224947
0.6343124524213425;0.7;0.1532341999202799;0.37306054768945646;0.015912854855890855;0.026514459607928642
0.5797032319075157;0.7;0.27692292300304144;0.44714387494439045;0.017368529917858675;0.3085330753479778
0.08091376503870433;0.7;0.16512558938269553;0.7328970613870575;0.4223978293249355;0.33966127662865514
0.08893073305582883;0.7;0.2684524051993195;0.1227947986734835;0.37352107278778257;-0.32782196112835416
0.7821563247934595;0.7;0.15779635809608508;0.8079320328904757;0.012663453816827189;0.3826190226489607
0.19993543880802467;0.7;0.14102583698903037;0.1864789035428518;0.1457421474025013;-0.3586587507524954
0.224918579164662;0.7;0.1408639936486772;0.19231564239208387;0.12741687812720343;-0.35824896710556975
0.21507909393361438;0.7;0.22776711452335255;0.18464848733732833;0.08133366535086546;-0.018024526049481654
0.13277209779334695;0.7;0.22802323976875563;0.12982707617427738;0.24015355036804967;-0.24923110425542672
0.2623454682460728;0.7;0.19313131031210534;0.3022037167485009;0.10420899110118072;0.14988670627490575
0.25803612011839744;0.7;0.2325639038202606;0.15504282782992296;0.10856503590097562;-0.25419839152488577
0.13125627519822317;0.7;0.19549939610540962;0.3164529736454396;0.24452710198081515;0.15174144513315202
0.33302236040159044;0.7;0.205026375242721;0.21218281231555527;0.060201372448951664;-0.004395477110118173
0.29843135143829885;0.7;0.205026375242721;0.21982743869240207;0.07490259184636734;-0.004396660745107028
0.298431990706655;0.7;0.205026375242721;0.20543510722813846;0.07315121215484983;-0.004395279837620059
0.30760929583064905;0.7;0.205026375242721;0.22167365977438322;0.072742172819002;-0.004395871655114514
0.8158651639324558;0.7;0.08504473613057051;0.4513663581216302;0.0035111946714997547;0.097345214887686
0.5938931061150363;0.7;0.23742494424429575;0.28184812262208087;0.026180291046694254;-0.11309938413921483
0.5212437134340667;0.7;0.29073663645053205;0.21980018371197094;0.035335642235848376;0.037892365042281176
0.47624487225147144;0.7;0.23860472276099873;0.2485339032101737;0.027271829077688263;-0.04715147881945071
0.5722852923479035;0.7;0.29073663645053205;0.21644618962261564;0.027851813600257895;0.037882574097151955
0.4658458308468712;0.7;0.29073663645053205;0.22008596069784686;0.041849203735545945;0.03788551138069071
0.5051881550907777;0.7;0.23860472276099873;0.2631411010769638;0.03956681387527523;-0.04715584085747507
0.3738371977154759;0.7;0.21958984919771984;0.2793618731744601;0.04734750410651009;-0.08339000041359057
0.09780752535025021;0.7;0.19282141546806858;0.4334649051475301;0.3402264120343086;0.07383552366294055
0.23528593989220986;0.7;0.19364249468303424;0.3597238998689436;0.11271746623483404;0.07415341075196513
0.25373094254166906;0.7;0.21811499893410444;0.2811213414417663;0.09475582360698268;-0.08284206005234118
0.4358689044143632;0.7;0.22041262640487114;0.25956242776081856;0.030642771492914705;-0.08368479469868068
0.6284955064115322;0.7;0.1354532931069498;0.4326126179651295;0.014946773776361395;0.015675494071383578
0.5227569159035585;0.7;0.1354532931069498;0.37883863627216185;0.020896175887344465;0.015677546778257556
0.23957444598395317;0.3;0.4196628020983898;0.20219175468322673;0.10933846510642249;-0.33337902545257164
0.26165616116611967;0.3;0.48151627437677225;-0.07709719503912844;0.08556301677353363;-0.5845282328960576
0.4382146341593576;0.3;0.48151627437677225;-0.12179970230016385;0.03141604235530342;-0.5722188351538978
0.1900108082279974;0.3;0.40621973054683147;0.01928914418335772;0.13541208261568458;-0.4648250429096442
0.4499126794997494;0.3;0.48151627437677225;-0.0825502181715401;0.026813028612560734;-0.5820522208059841
0.6382172481295016;0.3;0.25981736242649883;0.048650600371439534;0.023416838660578882;-0.6682822222824738
0.467882213362818;0.3;0.2685530929906995;0.8406507999092141;0.041433809621284935;0.7266480728948452
0.2157942604983426;0.3;0.2716492323136305;0.2168410406668196;0.12665276723070923;-0.09527329156641026
0.6213069493681512;0.3;0.25841788019876144;0.9120132882350211;0.0177505150890955;0.7793269126973557
0.6165179720233898;0.3;0.22336840097426416;0.6811716958630166;0.023323424017956115;0.4321897848979294
0.15587768047834843;0.3;0.2229516383671102;0.14633797746743352;0.1919854122886749;-0.11307938044070065
0.16509595233656985;0.3;0.2171617317076998;0.19540806396070734;0.18780556385199595;-0.1101820458816278
0.283044630296485;0.3;0.2517650568765815;0.25167729519989934;0.09246584099002965;-0.03411100639846365
0.3745543439024077;0.3;1.0;0.09076953524260643;0.026645721033145723;-0.4253071169976725
0.3366958754807415;0.3;0.3331418530043811;0.28311522385560156;0.07261648945233146;-0.28348755015089244
0.3705700364065173;0.3;0.321473052362184;0.6453607162431009;0.054996558298875474;0.4836562449653756
0.33858182538867865;0.3;0.3168851627586949;0.5121311020592806;0.06695734996299749;0.2803000149456311
0.3097029719786394;0.3;0.25016106895558887;0.36604405661483286;0.08254173370266366;0.1106577991495973
0.2891351119398021;0.3;0.4196628020983898;0.1821551124628928;0.07986407566022587;-0.3343490421556959
0.5075302191924612;0.3;0.48151627437677225;-0.05032482868040243;0.013297595256812176;-0.5729279241325654
0.43319678912022325;0.3;0.48151627437677225;-0.09206918033431821;0.02543023024539936;-0.5715928852017279
0.11514838528817165;0.3;0.40621973054683147;0.027130207338354046;0.26524169945184684;-0.46481207427647353
0.10820374159984447;0.3;0.48151627437677225;-0.10892888302373849;0.28730951005370187;-0.5936322774875347
0.6012350942054279;0.3;0.25981736242649883;0.019713889356217013;0.024917173212022813;-0.6682806537841199
0.47339741465230334;0.3;0.2685530929906995;0.8565509424158897;0.041987699221190646;0.7266457266527756
0.21740397776854356;0.3;0.2716492323136305;0.22013426556511115;0.11194057709784905;-0.09527034324794606
0.6084626736211504;0.3;0.25841788019876144;0.9281310918697875;0.020289654368107486;0.7793251681672294
0.5958086429769072;0.3;0.22336840097426416;0.6519483409554824;0.021795263243001486;0.43218968232207
0.17360345629180682;0.3;0.2171617317076998;0.2152429333817584;0.17675951781506108;-0.11019311808428749
0.2325509553486539;0.3;0.2171617317076998;0.16190402469886056;0.12083730794825849;-0.11021144499304915
0.29454983840896565;0.3;0.2537816482099862;0.24391169818220573;0.08557504528812886;-0.03436315811259394
0.3796165748867009;0.3;1.0;0.15993056744516546;0.030697654005213647;-0.42528926853873084
0.3243174999084651;0.3;0.3331418530043811;0.26553035948635717;0.07523163620127105;-0.28348713402807546
0.3137048160872977;0.3;0.321473052362184;0.7054604359656493;0.08131834301514529;0.48365986850298903
0.30197824764683423;0.3;0.3168851627586949;0.525925513554898;0.0811511313652668;0.2803034789248306
0.4055858993786588;0.3;0.25016106895558887;0.3315515848967919;0.04785879715741375;0.11065348820818689
0.2962113855266844;0.3;0.4196628020983898;0.2273387395721343;0.08166907934550453;-0.33654706761373576
0.03500040122399445;0.3;0.48151627437677225;-0.06482883699513077;1.0;-0.5913905376754021
0.1511397626383936;0.3;0.48151627437677225;-0.11344877383334317;0.18719869675989506;-0.5705163952340996
0.21758325847760845;0.3;0.40621973054683147;0.07211797696691209;0.12438564734506316;-0.4648123478763294
0.11756962517404929;0.3;0.48151627437677225;-0.08513180957421855;0.2620497617987744;-0.5722361048793267
0.5848058802568895;0.3;0.25981736242649883;-0.050586280690411996;0.019186422413696447;-0.6682807615435487
0.436521343111573;0.3;0.2685530929906995;0.7719644847840935;0.0402264208476485;0.7266443080548722
0.20692801284964327;0.3;0.2716492323136305;0.21623609546733755;0.12707411873809424;-0.09527465072031222
0.5626648929202541;0.3;0.25841788019876144;0.8871292917403475;0.019240998447825668;0.7793261856982315
0.6360764592051151;0.3;0.22336840097426416;0.6810420885904592;0.02150049516879435;0.432190504296623
0.10572289378058045;0.3;0.2171617317076998;0.18406038062413996;0.30758069722645276;-0.11019282068034111
0.18012630551295084;0.3;0.2171617317076998;0.17115804477132984;0.16391375507399036;-0.110229094210851
0.2773440451939136;0.3;0.2517650568765815;0.2167767522380759;0.08941335896420197;-0.033979503316558746
0.37455474989389004;0.3;1.0;0.1079060714067307;0.02837664385616503;-0.4253244715369956
0.32274293949339367;0.3;0.3331418530043811;0.27018822100885137;0.07486825590130448;-0.28555310781880017
0.2724233955337451;0.3;0.321473052362184;0.6832850302097008;0.09449076598580888;0.4836609778531688
0.2973418349420511;0.3;0.3168851627586949;0.5573787643449578;0.08537835011944696;0.2803088338994525
0.1407133989804483;0.3;0.25016106895558887;0.37054139852526147;0.22679716280568546;0.1106519621686256
0.5351316636377654;0.5;0.5447603302532006;0.6359810470226951;0.023991345234357767;0.5041023500753026
0.5351321394090339;0.5;0.5447603302532006;0.5827282524710724;0.02248050125130978;0.5041305655047593
0.5036525841747308;0.5;0.5447603302532006;0.5668201835270934;0.017219335324525648;0.5041225118158572
0.4649284764213407;0.5;0.6713966914083346;-0.03645636161330716;0.02290816286745906;-0.4333100724064132
0.43195008262590945;0.5;0.2711253570591661;0.8671719319542059;0.04685996864256831;0.7533876424345145
0.6099449473700715;0.5;0.24048985939784132;0.0017721349809408336;0.025008487128745902;-0.7508985668357051
0.34383877311166894;0.5;0.426468128191583;0.241440095183053;0.01824367586189206;-0.05291733466144727
0.18112859277970017;0.5;0.43404149887722204;0.18912587355903496;0.14749576048943608;-0.24474741206930012
0.43186649239046104;0.5;0.3843104585372627;0.5370174619654299;0.030437216891358462;0.25538710215802085
0.4335978151868039;0.5;0.32233574818621363;0.7631952225331224;0.02702196645776414;0.6683676491921499
0.4532792826755834;0.5;0.32233574818621363;0.7748373219447922;0.026006380414110276;0.6683630525560131
0.48054433929980417;0.5;0.32233574818621363;0.8001040062967671;0.02502537732313475;0.6683648071328812
0.6169596129667808;0.5;0.25586675220517413;0.8577464778629004;0.014177707543716061;0.800465575791763
0.6000841390388556;0.5;0.25586675220517413;0.8740477256676311;0.013722743244462014;0.8004663719706977
0.678203759367856;0.5;0.2570571885344318;0.6284396736908914;0.012321252439449103;0.49151032229828223
0.6688748661845035;0.5;0.25586675220517413;0.906992006384691;0.01603514291294202;0.8004595291976333
0.6728353472453881;0.5;0.2570571885344318;0.6917106729282254;0.014203124270197806;0.49152096762087094
0.6895764016952658;0.5;0.2505474133756238;-0.1538681011174906;0.012289849830536671;-0.9285554938830746
0.7187515101172217;0.5;0.2505474133756238;-0.10573073352830499;0.013733801230146602;-0.9285319785168297
0.7224246206243666;0.5;0.2551184191988286;0.10882241906154716;0.016218407174818126;-0.4927752853506532
0.7119066442984694;0.5;0.2505474133756238;-0.11834834361035615;0.013799838597910332;-0.9285454431101031
0.5268993372642796;0.7;0.5447603302532006;0.6053829842108418;0.0218483041236514;0.5041093580688348
0.5269002741677005;0.7;0.5447603302532006;0.5455260510832249;0.019865991096248013;0.5041305655047593
0.526898712661999;0.7;0.5447603302532006;0.616783607341923;0.02138755028484953;0.5040953971183689
0.5014019306578318;0.7;0.2667619728377412;0.8549984014593088;0.039929812282814885;0.6947670723922637
0.5899039245771476;0.7;0.24420526106556142;-0.038220825397217245;0.020485714399868318;-0.6852921627154507
0.36681760135985453;0.7;0.2711253570591661;0.9094971280742388;0.06416078556922222;0.7533922709002626
0.19659501967658938;0.7;0.43404149887722204;0.19508557378165814;0.13014773744559974;-0.2447391622751031
0.43379469436066537;0.7;0.3843104585372627;0.5551884444821278;0.02525536859158788;0.25538692096765836
0.41555547227665773;0.7;0.32233574818621363;0.7693272364972071;0.03128835005318179;0.6683622157274507
0.41180625089097533;0.7;0.32233574818621363;0.7551708982309281;0.039653966306071785;0.6683657406704049
0.4897926836429302;0.7;0.30400859068205016;0.041923509163110544;0.023701772328415367;-0.5683589635516033
0.4819933174858226;0.7;0.32233574818621363;0.7679329780543026;0.022893914673059845;0.6683671281479505
0.5135317768823006;0.7;0.30400859068205016;0.09756327275062221;0.029293271016977266;-0.5725464915366699
0.5216171816424857;0.7;0.2805977109374208;0.09799400527445773;0.028365206044253192;-0.5690282487332357
0.6362855114920812;0.7;0.25586675220517413;0.8522439601817422;0.015315118291851178;0.8004672221473375
0.6935746838958939;0.7;0.2570571885344318;0.6370150621287649;0.012311140026847842;0.49152002279902407
0.6444926151981063;0.7;0.2570571885344318;0.6419060773374086;0.01299059784496105;0.4915145228805769
0.6934157697668908;0.7;0.2505474133756238;-0.12166724958740022;0.0156991521453836;-0.9285427566039632
0.6832734593513967;0.7;0.2505474133756238;-0.1372182854963178;0.014652410584710736;-0.9285428865417602
0.7071804165733302;0.7;0.2551184191988286;0.09388463536065203;0.01629821840767393;-0.49277705928134974
0.6885036589889552;0.7;0.2515595803311109;-0.055140442035626756;0.01683399616148822;-0.7932127620952591
0.5111708473491211;1.0;0.5447603302532006;0.596993959811108;0.019523104518534992;0.5041227503077835
0.5268988688125692;1.0;0.5447603302532006;0.6229370295034692;0.02100180288492239;0.5040989561517334
0.5351321394090339;1.0;0.5447603302532006;0.5893219693155796;0.02254479248463097;0.5041305655047593
0.5351313464569198;1.0;0.5447603302532006;0.5847021847484087;0.021333974257081872;0.5041266212152058
0.4865541189070255;1.0;0.6713966914083346;-0.03730536445142877;0.02184287166570558;-0.4333107356384086
0.5351321394090339;1.0;0.5447603302532006;0.6355155899610087;0.02411992770100015;0.5040999651560377
0.39900964009728507;1.0;0.2667619728377412;0.8320071568919369;0.05631474189773449;0.6947698652831974
0.3018222260871762;1.0;0.27267491601742627;0.7950137781466212;0.0741296198060314;0.7576955026017342
0.6161090067754207;1.0;0.24420526106556142;0.0276628523843261;0.023981469807376674;-0.6852946676304636
0.5100627561055839;1.0;0.24048985939784132;-0.05813027722162258;0.029672596389288153;-0.7509007211212133
0.2462009153601384;1.0;0.27201200452059404;0.8596645592385023;0.10929964826034437;0.7558550958173755
0.34694345796950365;1.0;0.426468128191583;0.25065062740952987;0.01768045150199392;-0.05291457307619468
0.48103910836203656;1.0;0.3843104585372627;0.5353241735674885;0.03667357698955062;0.2553874710098304
0.1392551057323628;1.0;0.43404149887722204;0.196806016842576;0.20573116146710166;-0.24474743545638478
0.17829359915007162;1.0;0.3843104585372627;0.5532913978086809;0.1591670281545868;0.2553944274255361
0.5040361323693936;1.0;0.3077763025923974;0.6173250973329906;0.03438575353132645;0.3089873132277494
0.18875478058910275;1.0;0.32233574818621363;0.7685660831430022;0.15604635184028662;0.6683634058397695
0.19713878808425833;1.0;0.32233574818621363;0.7882455066295023;0.1499274747463993;0.6683643452982498
0.3858815309488016;1.0;0.30400859068205016;0.01651671437432824;0.041763288246897706;-0.5709195856750577
0.48126780608098924;1.0;0.32233574818621363;0.7449678948617979;0.03302787257290219;0.6683636979403054
0.3566788506777479;1.0;0.30470444277905506;0.0308162875523954;0.056715155676905334;-0.5717749030030046
0.5374462448160804;1.0;0.2805977109374208;0.037520619687955274;0.022590242899039107;-0.5704888433579081
0.5670682723214732;1.0;0.2805977109374208;0.042997844964638925;0.01784369784817821;-0.567241543539202
0.6289874371313451;1.0;0.25586675220517413;0.9060004629658878;0.015710360138843263;0.8004746485551759
0.6176542730063037;1.0;0.25586675220517413;0.8594375140490291;0.012657804685588607;0.8004705998761501
0.664651221870464;1.0;0.2570571885344318;0.6909180817976299;0.01651019897365662;0.49151804658788356
0.621855726569964;1.0;0.25586675220517413;0.8627163250252478;0.015047373814856541;0.8004702172966621
0.6776034969497737;1.0;0.2570571885344318;0.6394973165876914;0.011994284432008373;0.4915193302594504
0.6388896760132811;1.0;0.2505474133756238;-0.19083054299180288;0.01289601372866644;-0.9285416175388598
0.7271421189794139;1.0;0.2505474133756238;-0.07854145213266378;0.014600172069912562;-0.9285413846633278
0.6622214440581347;1.0;0.2551184191988286;0.06832188154813952;0.01801487678143474;-0.49278083297524855
0.6734247468685044;1.0;0.2505474133756238;-0.1213121996942917;0.01751468694270885;-0.9285428190416062
0.6910602105646159;1.0;0.2515595803311109;-0.04954274096962715;0.017415229529503237;-0.7932156277569656
0.6789950690644153;1.0;0.2557761951361956;0.9036490544145765;0.010299483061243033;0.9251489135554685
0.5111703928810437;0.5;0.5447603302532006;0.5821548694603373;0.01915878752971491;0.5041275201463135
0.53513134645692;0.5;0.5447603302532006;0.5739002008962613;0.02149470234038485;0.5041305655047593
0.5268994934148498;0.5;0.5447603302532006;0.5784124820170112;0.020444612196138728;0.5041201635876579
0.418436034770689;0.5;0.6713966914083346;-0.02536709856521997;0.023955845950175286;-0.4333109617402252
0.4172939159673367;0.5;0.2711253570591661;0.875902190472612;0.05299200761016974;0.7533888139490618
0.6059896004309737;0.5;0.24048985939784132;-0.0077217753813216645;0.023355235418239292;-0.7509004282139733
0.3501051826328142;0.5;0.426468128191583;0.2751574943402359;0.0202209528700451;-0.05291633753631131
0.1762000444192141;0.5;0.43404149887722204;0.18413348867713628;0.1508765760038845;-0.24475373827576424
0.43770284610974397;0.5;0.3843104585372627;0.4920006601518164;0.01953681536215471;0.25538562027969847
0.43125713771084917;0.5;0.32233574818621363;0.7702174886035943;0.0302220423455997;0.6683617499455149
0.46651433660925945;0.5;0.32233574818621363;0.7353014831178591;0.022244907927796365;0.6683614933707199
0.4539227848602411;0.5;0.32233574818621363;0.7725120343309075;0.021383792406105745;0.6683677636639815
0.6483185361931163;0.5;0.25586675220517413;0.8602385748242795;0.012666528189851589;0.8004712650819263
0.6545074681671375;0.5;0.25586675220517413;0.845170633930644;0.013314080621680727;0.8004661272576916
0.6818311778087316;0.5;0.2570571885344318;0.6271970886547608;0.013307453439800523;0.4915113668788057
0.6254018364548085;0.5;0.25586675220517413;0.8785057756716015;0.012701422206903522;0.8004716028548078
0.6583587576051385;0.5;0.2570571885344318;0.6777318871579869;0.014797348896386113;0.4915110840918131
0.705190409826768;0.5;0.2505474133756238;-0.12355152893242899;0.014442470893163353;-0.9285451376719052
0.7065237224109997;0.5;0.2505474133756238;-0.09778471415689645;0.01646498848497194;-0.9285425659160272
0.6622231008103178;0.5;0.2551184191988286;0.024832903294734632;0.012348757160246509;-0.49277740048480934
0.6985992002157514;0.5;0.2505474133756238;-0.10607256113573937;0.016213652234527892;-0.9285422115402175
0.51117099883848;0.7;0.5447603302532006;0.540744119396431;0.017744380396648708;0.5041016529450559
0.5111706958597619;0.7;0.5447603302532006;0.5545605186641114;0.017208620118972114;0.5041020748923105
0.51891432234122;0.7;0.5447603302532006;0.6010109270178031;0.01938380684633908;0.5040990662249303
0.40105696708699223;0.7;0.2667619728377412;0.8015657928156387;0.052759543321311934;0.6947682502376182
0.6013317372810385;0.7;0.24420526106556142;0.010345662300431718;0.023691004518101008;-0.6852966239603809
0.35222659879996604;0.7;0.2711253570591661;0.8447419966762055;0.06415832422096122;0.7533912946381396
0.1866767306654949;0.7;0.43404149887722204;0.19414500945137728;0.14158445578690051;-0.24474737114190143
0.539833735752841;0.7;0.3843104585372627;0.5572882062152043;0.025244029755045718;0.25538690802548947
0.43835614594214367;0.7;0.32233574818621363;0.7876497089691091;0.028972444988822413;0.6683607848295551
0.46246329649953055;0.7;0.32233574818621363;0.7712207084311622;0.031236475624164282;0.66836071969903
0.5186988514932975;0.7;0.30400859068205016;0.08498094615310206;0.027398159582551873;-0.5699706313033629
0.47982261837376133;0.7;0.32233574818621363;0.8018145420363104;0.025710119786165848;0.6683664117121766
0.5281384042085707;0.7;0.30400859068205016;0.051080107354917;0.02060979682787958;-0.570741158226233
0.5420079810521139;0.7;0.2805977109374208;0.05240513344752724;0.023620500739536043;-0.5695453502415266
0.6348115710941422;0.7;0.25586675220517413;0.8956292339635488;0.01649279136735391;0.8004739764560757
0.6704768307294101;0.7;0.2570571885344318;0.6823727904218638;0.01573876635521767;0.4915112753646479
0.6561010987702315;0.7;0.2570571885344318;0.7392887694677409;0.01917217120507393;0.49150990924789373
0.6959969440780239;0.7;0.2505474133756238;-0.14703151010512766;0.01255202803688223;-0.9285384028440126
0.684524764407494;0.7;0.2505474133756238;-0.1093415747912032;0.01737866967776266;-0.928543441730529
0.6969494996162539;0.7;0.2551184191988286;0.08110764914037077;0.015643001639737947;-0.4927780616176519
0.7104027982026391;0.7;0.2515595803311109;-0.04511744070500894;0.015911016045877545;-0.7932197302730548
0.5351316636377657;1.0;0.5447603302532006;0.6070885803747541;0.022759096595701606;0.5041305655047593
0.5189167828956587;1.0;0.5447603302532006;0.5323538274888134;0.0187837553353413;0.5041053037060845
0.5268987126619992;1.0;0.5447603302532006;0.6170006328584309;0.021398265490403065;0.5040953971183689
0.5268987126619991;1.0;0.5447603302532006;0.586770898448594;0.019298085201910828;0.5041275201463135
0.48655175849143045;1.0;0.6713966914083346;-0.03616634060836249;0.022916966926977686;-0.43331005733295885
0.5351310292760743;1.0;0.5447603302532006;0.637179640033182;0.024002060439911294;0.5041019831646465
0.40234749979688683;1.0;0.2667619728377412;0.8080136565687334;0.05298750046191233;0.6947647745956483
0.2097341035502314;1.0;0.2711253570591661;0.8267234374649041;0.13362495619150516;0.7533868136652303
0.6109123346913092;1.0;0.24420526106556142;0.02273804057130789;0.024967582511240573;-0.6852954174601797
0.5407619525752786;1.0;0.24048985939784132;-0.027327854860243646;0.029481806253883955;-0.750900520000574
0.24488304222772822;1.0;0.2711253570591661;0.9118802261364073;0.11344600269830778;0.7533925406014533
0.34616221380405304;1.0;0.426468128191583;0.24764944369530784;0.02104062406615218;-0.05291703921696256
0.4627141473220991;1.0;0.3843104585372627;0.5502337817524322;0.029783343984093467;0.25539234373636654
0.15258557558015284;1.0;0.43404149887722204;0.18970105020640113;0.18122537143509973;-0.24475296065519145
0.46492857624646594;1.0;0.3843104585372627;0.5087267224440237;0.03035028581120184;0.25539052536165663
0.4639600822376052;1.0;0.3077763025923974;0.6241881676800484;0.04172541683790748;0.3089881548477782
0.26497709906804734;1.0;0.32233574818621363;0.7287157548669494;0.09463509723918302;0.6683616295527265
0.28583369126356545;1.0;0.32233574818621363;0.7419158522819849;0.08625910610048952;0.6683675603777978
0.3598897060901044;1.0;0.30400859068205016;0.04224143940708588;0.04956360370927288;-0.5704970333916595
0.5056362780559946;1.0;0.32233574818621363;0.7483187352459837;0.026027130185717277;0.6683683439177489
0.49549851008007434;1.0;0.30400859068205016;0.06043177144195831;0.023926241838124005;-0.5670203068625035
0.543409132165137;1.0;0.2805977109374208;0.04890642645643839;0.023345458691046234;-0.5698940612606576
0.520924512417951;1.0;0.2805977109374208;0.05233226143413221;0.025549474571252184;-0.5690960074303029
0.6721540003866956;1.0;0.25586675220517413;0.8601529969864109;0.014782984531809205;0.8004572509540158
0.6121392761538577;1.0;0.25586675220517413;0.9127258773371135;0.015313776214272257;0.8004723151649658
0.644493239405735;1.0;0.2570571885344318;0.5814494445465263;0.009930389174436996;0.49151071803518154
0.616267004344025;1.0;0.25586675220517413;0.8395604714477559;0.013950896432878501;0.8004569844121504
0.6929469240272629;1.0;0.2570571885344318;0.6891312939460796;0.016057066580428745;0.4915108070759837
0.692130989837074;1.0;0.2505474133756238;-0.10797629822709338;0.017658589266492504;-0.9285418554769039
0.6857807359026014;1.0;0.2505474133756238;-0.11222913284588457;0.017121419633190516;-0.9285402844108132
0.680341185098717;1.0;0.2551184191988286;0.040129975761125945;0.012744945855081619;-0.4927746708571323
0.6870423324555968;1.0;0.2505474133756238;-0.14200439018272537;0.012936424655208422;-0.9285361280888138
0.683447067679944;1.0;0.2515595803311109;-0.0855255915504692;0.014176552340416164;-0.7932198240254874
0.6182056819051646;1.0;0.2557761951361956;0.9459935090454851;0.014376613323470152;0.9251463053557218
0.53513134645692;0.5;0.5447603302532006;0.5832714500162842;0.021344689462635406;0.5041270431624604
0.5111697869236075;0.5;0.5447603302532006;0.5445888463651707;0.017422924230042755;0.5041019097825152
0.5351311878664972;0.5;0.5447603302532006;0.5955359971318548;0.02261979892350569;0.5041305655047593
0.4865527026576684;0.5;0.6713966914083346;-0.03494955611282009;0.023339561783871626;-0.43330277685446406
0.4200651443502631;0.5;0.2711253570591661;0.8693867392282378;0.05003674879811457;0.7533906231945501
0.5753914658677624;0.5;0.24048985939784132;-0.0016569808511678022;0.024455826447265152;-0.7508996372294445
0.36507484588783456;0.5;0.426468128191583;0.2442434120373255;0.016407804118564507;-0.05291534861796687
0.19080201504837227;0.5;0.43404149887722204;0.17360958431527823;0.13192351933197669;-0.2447523292038993
0.4243228842282953;0.5;0.3843104585372627;0.5210806173220548;0.030973921821021058;0.25539500982313007
0.42438491837629605;0.5;0.32233574818621363;0.7844509568340127;0.028430645396861777;0.6683602756272693
0.42214302487240085;0.5;0.32233574818621363;0.8015852076634971;0.030207056399439082;0.6683664275013947
0.513764972810273;0.5;0.32233574818621363;0.793865408338235;0.027144159557227602;0.6683641578012843
0.656073967538186;0.5;0.25586675220517413;0.8393119373429176;0.01220619558028186;0.8004691166625797
0.6155740708081165;0.5;0.25586675220517413;0.8009404858960456;0.011451947980928546;0.8004557194871766
0.6477680988661975;0.5;0.2570571885344318;0.6837141371128691;0.015042936059559562;0.4915114163459182
0.6648206608224642;0.5;0.25586675220517413;0.889967817091111;0.01564258522110778;0.8004606780849846
0.656101455666689;0.5;0.2570571885344318;0.6552230842815504;0.013295414853370453;0.4915086420653643
0.7243238763642019;0.5;0.2505474133756238;-0.09784244398615093;0.015720836057186615;-0.9285307888266108
0.7078610281522013;0.5;0.2505474133756238;-0.11198776351863403;0.01495598534995296;-0.9285387622823342
0.7013887053455188;0.5;0.2551184191988286;0.10681569131711927;0.01769180855741962;-0.49277560446180235
0.7012213282497604;0.5;0.2505474133756238;-0.12203369517348531;0.014316309951763986;-0.9285417609766877
0.5189155526184392;0.7;0.5447603302532006;0.5540802270657137;0.018494444785395938;0.5041146782733488
0.5268988688125692;0.7;0.5447603302532006;0.6169948117111137;0.020830359596065877;0.5041048634132971
0.5351321394090339;0.7;0.5447603302532006;0.5608373115929912;0.022201905906917948;0.5041305655047593
0.42389733069346663;0.7;0.2667619728377412;0.8420400029559811;0.05114693603000579;0.6947692474134733
0.614367232480685;0.7;0.24420526106556142;0.0065866852168721965;0.022333616142925596;-0.6852964739944377
0.3671220143739271;0.7;0.2711253570591661;0.9377057108621681;0.06712342842606044;0.7533888954212965
0.19511423082459337;0.7;0.43404149887722204;0.2129810123149663;0.1407990137986953;-0.24474889714919087
0.5252428666945543;0.7;0.3843104585372627;0.5320102575853337;0.02719430964029854;0.2553864162230769
0.44882345544630425;0.7;0.32233574818621363;0.7771032116076393;0.029524619466586542;0.6683614775815017
0.43184067200273973;0.7;0.32233574818621363;0.7622480118269731;0.029903879180958985;0.6683678583992905
0.5541279759270923;0.7;0.30400859068205016;0.10028660997016137;0.0261396583969723;-0.5688854726792968
0.47624691675224723;0.7;0.32233574818621363;0.7576099161789177;0.021421833654051918;0.6683658788260638
0.5664535776397776;0.7;0.30400859068205016;0.10359187214705004;0.025442330985664317;-0.5699767326361275
0.5638992533460084;0.7;0.2805977109374208;0.08147315573351259;0.02467191566068604;-0.5671164797333649
0.6311586449739538;0.7;0.25586675220517413;0.8560228821744048;0.01349056382330877;0.8004591041093134
0.6428691062257453;0.7;0.2570571885344318;0.6580910372538352;0.013610344274381108;0.4915104303014777
0.6992818259661183;0.7;0.2570571885344318;0.6994268604961287;0.014834427742590733;0.4915184596382721
0.7299824980578746;0.7;0.2505474133756238;-0.09223590986004035;0.01498653995294812;-0.9285281023204706
0.6947044202730658;0.7;0.2505474133756238;-0.14251824568587698;0.011434320946672221;-0.9285328307062776
0.6894692064996721;0.7;0.2551184191988286;0.0584540566526164;0.013677351335929984;-0.49277114917921805
0.7085990756324204;0.7;0.2515595803311109;-0.004066844766355535;0.0190309395388889;-0.7932155373931752
0.5351303949143832;1.0;0.5447603302532006;0.5754767459797323;0.021473271929277785;0.5041305655047593
0.5351321394090339;1.0;0.5447603302532006;0.6295486792372917;0.023273426462271134;0.5041193196931487
0.5268996495654198;1.0;0.5447603302532006;0.5379577145657303;0.02014458644063984;0.5041294464272581
0.5351303949143832;1.0;0.5447603302532006;0.6351323800775446;0.023573452217770026;0.5041117062970341
0.4865521125537698;1.0;0.6713966914083346;-0.03219962161002412;0.023885413474026295;-0.43330289744209954
0.5111693324555302;1.0;0.5447603302532006;0.5877987065079546;0.018398007935414153;0.5041152469848657
0.5079185710314265;1.0;0.2667619728377412;0.8451751313373579;0.03866176425006331;0.6947706608278985
0.23302579862511819;1.0;0.2711253570591661;0.8353574173622325;0.11587207163424534;0.7533861337934783
0.6422102265195374;1.0;0.24420526106556142;0.0014380873065466776;0.019150930327360278;-0.6852932598856417
0.5677004549731808;1.0;0.24048985939784132;-0.022604501111930974;0.026509579764322718;-0.7508997546623012
0.2743177100016246;1.0;0.2711253570591661;0.8774630687513273;0.09749646596694948;0.7533804110713361
0.3712471676874669;1.0;0.426468128191583;0.2458396297431715;0.01762772411510984;-0.05291629650235519
0.5309837250632574;1.0;0.3843104585372627;0.5463257957262265;0.027277461108274434;0.25539187781829137
0.13759040553726773;1.0;0.43404149887722204;0.23085937987348923;0.21299479237541658;-0.24473795199345985
0.5749715034507044;1.0;0.3843104585372627;0.6002302669177884;0.021853717628937615;0.25539178075202573
0.563995255005136;1.0;0.3077763025923974;0.6503092782016836;0.02653030392177554;0.30898780244530305
0.1783066810012393;1.0;0.32409903005220175;0.7639872430895003;0.16599752536622278;0.6720199709320858
0.2490742159621763;1.0;0.32233574818621363;0.7485697965115243;0.10570510039151908;0.6683650834441989
0.3533106145159471;1.0;0.30400859068205016;0.10090563928371431;0.05805940666894203;-0.5721068010590338
0.44882281395695356;1.0;0.32233574818621363;0.8036217478022806;0.03212295197781902;0.668366764995933
0.5360875616712957;1.0;0.30400859068205016;0.045420173552876045;0.023653934564051234;-0.5699455485236588
0.4835500014448411;1.0;0.2805977109374208;0.07289688305518664;0.03408865629744243;-0.5670457472906938
0.5820052686082017;1.0;0.2805977109374208;0.09352476493474468;0.02272178474831684;-0.5667796370095779
0.6600209024930431;1.0;0.25586675220517413;0.8858514463579821;0.017285288177706457;0.8004637823786077
0.6608158760551379;1.0;0.25586675220517413;0.8893278163409316;0.014319296728292174;0.8004754458829977
0.6910688907218421;1.0;0.2570571885344318;0.6571731127245515;0.012888510632034047;0.49151756428353777
0.672978953388602;1.0;0.25586675220517413;0.8688008860724173;0.014483030192920476;0.800457705913407
0.6488670712534225;1.0;0.2570571885344318;0.6913513204201662;0.014269577267291798;0.4915215826619684
0.706523185182195;1.0;0.2505474133756238;-0.09870712619645768;0.0173254455306098;-0.9285361213387984
0.6908513347789779;1.0;0.2505474133756238;-0.11227057879555812;0.016929221324027417;-0.9285435176682024
0.6714521252237265;1.0;0.2551184191988286;0.044670673699541814;0.014313451640906498;-0.49278182958391475
0.7092047572265653;1.0;0.2505474133756238;-0.12002633025338935;0.012405168816034531;-0.9285306622638215
0.6623679998163147;1.0;0.2515595803311109;-0.08676994647976859;0.01567152942545819;-0.79321627724671
0.6150885590577279;1.0;0.2557761951361956;1.0;0.014690548328853878;0.9251593032864275
0.6942179368843596;0.3;0.19383292757778356;0.16693400328290178;0.014059118139636156;-0.062112299421403616
0.6867453051351334;0.3;0.22567956013725532;0.2705479391485495;0.016782165083752458;0.0671917884177496
0.534369658052059;0.3;0.23300405686737316;0.21221577644350736;0.03412992883001779;0.03995523890281986
0.5001291349437534;0.3;0.21899502337982926;0.17185853707193857;0.014651377998914687;0.013371709591355321
0.7887467432111677;0.3;0.1537306580072795;0.20490502998436785;0.01064182030363833;-0.0001332344999141477
0.9058559556281599;0.3;0.1338617122678175;0.2071670817124328;0.010508316283354557;-0.031100090834649333
0.7515842506178548;0.3;0.2411195739602359;0.24792458120479277;0.012745269963339672;0.07659635896936079
0.6975487543520843;0.3;0.2170732771318314;0.18221972558355312;0.016008321402151336;-0.02981719193252219
0.6856612271999803;0.3;0.2170732771318314;0.1847888716070781;0.01657192703663396;-0.029818562926625963
0.6784734358586791;0.3;0.2411195739602359;0.25139197949765657;0.020394750604530384;0.07659766899992865
0.6851387826624477;0.3;0.2411195739602359;0.255084939798692;0.021644720849839316;0.07659769065332646
0.6963575635230665;0.3;0.2170732771318314;0.1876297569722357;0.015179991909048087;-0.02985206498501905
0.9335213493609434;0.3;0.0852820249402595;0.21040958404014143;0.009701717836244553;-0.026539085665142875
0.9413133352423285;0.3;0.0852820249402595;0.21612818218139623;0.009553861595539035;-0.02660933128891664
0.7744413323950098;0.3;0.0852820249402595;0.2351173557522979;0.021732950284966152;-0.02652794349959968
0.871003752058705;0.3;0.0852820249402595;0.21263433541398596;0.012395001935578936;-0.026523554722516635
0.9422938342410196;0.3;0.0852820249402595;0.23536166562093053;0.012657165188953065;-0.02657523347822542
0.8863787029764313;0.3;0.0852820249402595;0.207597505031252;0.01121958076757154;-0.02658906754352293
0.9373815945419112;0.3;0.08757738048019685;0.219659022669613;0.007997340319582456;0.030063576976246134
0.6809975052222659;0.3;0.25067408968047944;0.17114152098736785;0.019018875052595387;-0.01873737198265337
0.7019504244606162;0.3;0.25067408968047944;0.17693222980614137;0.01722322071696736;-0.018737725002764993
0.7216880509136988;0.3;0.25067408968047944;0.17850823376226302;0.016730155372686076;-0.018737474818946755
0.6883513283487074;0.3;0.277898816276945;0.19697354729036676;0.013760127423730917;0.07111049003789198
0.7127595102352489;0.3;0.277898816276945;0.2055550514393912;0.014693017418560132;0.07111105155475375
0.8785409970924143;0.3;0.0852820249402595;0.20788906383340452;0.011215986207424727;-0.026538918173854564
0.9286612459426435;0.3;0.08757738048019685;0.22736732907299761;0.009018848094417423;0.03006169111887476
1.0;0.3;0.08757738048019685;0.24078994267520187;0.008306425784577088;0.03006169828142509
0.9087462027279476;0.3;0.0852820249402595;0.21572275622115195;0.01175564950413271;-0.026552038126174363
0.9007036158205289;0.3;0.0852820249402595;0.20357042689909616;0.010224846156277204;-0.02654342334227519
0.7095146617041509;0.3;0.23534963607917833;0.28033478754956087;0.014254935824812817;0.09182202439526861
0.6770901711023364;0.3;0.2504594280223948;0.18581751872721922;0.01659132436034031;-0.08164011116334471
0.7037549858328191;0.3;0.2504594280223948;0.20685166086777537;0.017718133518970558;-0.08163920329838002
0.6377404448329177;0.3;0.1807578651777114;0.1763938043973902;0.012384750773438764;-0.005566391308382844
0.6188877938149159;0.3;0.31712151417245255;0.17210584789138894;0.022713943130517427;0.01515101684885338
0.6575820987952883;0.3;0.18432096447031782;0.18251048316317955;0.01792164822873392;-0.04970174469712228
0.634340120922275;0.3;0.2050969824658468;0.27931556805215174;0.01904039063125493;0.10500336778252886
0.623303256518449;0.3;0.20637396492410565;0.25068113451652835;0.016340801988129924;0.029839571907675652
0.6967525083823122;0.3;0.22328401848727727;0.2155045753070509;0.017080816469739787;-0.03207367298137519
0.6145807597258929;0.3;0.20637396492410565;0.23455195730254966;0.014437536824383212;0.029838133274376427
0.5632957821335103;0.3;0.2914376566218123;0.3996688836633567;0.026908146508200056;-0.018545634037092987
0.5632954196411154;0.3;0.2914376566218123;0.40314786517224455;0.02917246646361953;-0.018545634037092987
0.619161756739867;0.3;0.2845087216174823;0.41750261292098934;0.019832813576446902;-0.018827049454522474
0.6469012973452838;0.3;0.21503505887404795;0.2866404285250855;0.01462689444991013;0.12980792611649833
0.429686232399519;0.3;0.2556812146035458;0.2206195259036863;0.045973393876923896;0.0626287892047107
0.6708769764023357;0.3;0.19383292757778356;0.1586934975599517;0.015755506118327576;-0.06208810002500924
0.6901742555986727;0.3;0.22567956013725532;0.2578341385916981;0.015623136542418337;0.06719246786320858
0.5127203546119286;0.3;0.23300405686737316;0.2016723606741347;0.03505712346717249;0.039953772169159255
0.5857685891959835;0.3;0.21899502337982926;0.17700988068174697;0.013870277486232445;0.013372388086787118
0.7529936152803512;0.3;0.1537306580072795;0.19135089837854238;0.010866254728176764;-0.00013351176160654454
0.8974040578948764;0.3;0.1338617122678175;0.1996327664941459;0.009796208565011472;-0.031100149028472496
0.7059422836606881;0.3;0.2411195739602359;0.26386244177666324;0.018661022903406287;0.07659704285584179
0.7099541621028358;0.3;0.2170732771318314;0.18131140632534734;0.014790911882970593;-0.029848835001198573
0.6728854901763213;0.3;0.2170732771318314;0.1906688028034856;0.01802257108447844;-0.029823248410337844
0.650625910687276;0.3;0.2411195739602359;0.2395916003020863;0.019303924968868718;0.0765958194388652
0.6555175486495752;0.3;0.2411195739602359;0.23537722005814848;0.016685943443280712;0.07659658452558803
0.7056875069040658;0.3;0.2170732771318314;0.1950770091770115;0.015584549741375575;-0.02983770117867679
0.9475461801393406;0.3;0.0852820249402595;0.22067358438990015;0.010479580652014587;-0.026579332184695686
0.9122111119981832;0.3;0.0852820249402595;0.19877689219803849;0.008179541432741393;-0.02659990869004006
0.9231775334264143;0.3;0.0852820249402595;0.21564427536881703;0.010080344838375378;-0.02660244591281978
0.8346824920905731;0.3;0.0852820249402595;0.1987154530461945;0.011599645593761088;-0.02654802843441302
0.8403481456389396;0.3;0.0852820249402595;0.19421623204022245;0.010589334555163902;-0.026592443779710553
0.9611075209020381;0.3;0.0852820249402595;0.2285241336987344;0.010812676558952463;-0.02656663713455544
0.8638207618990422;0.3;0.08757738048019685;0.229286529049231;0.012713354532287183;0.03006206567812475
0.716651222611285;0.3;0.25067408968047944;0.189306183845724;0.018487260963215745;-0.01873852467006134
0.6720803099148444;0.3;0.25067408968047944;0.1663454593747111;0.01721515237497003;-0.018738335881045128
0.698369873298026;0.3;0.25067408968047944;0.1721624988806445;0.016142062889325123;-0.01873891299218415
0.7127610938899673;0.3;0.277898816276945;0.20629858702240983;0.015483787453239585;0.07111418357102713
0.661177295040469;0.3;0.277898816276945;0.19654131893772864;0.016861257836229597;0.0711079070603279
0.9337511378267691;0.3;0.0852820249402595;0.21528854351954715;0.010104308572687454;-0.026586893967070077
0.8739040485111592;0.3;0.08757738048019685;0.205992923983839;0.008082732561901833;0.030061836897840435
0.8947998094430941;0.3;0.08757738048019685;0.20541163701175208;0.007037600420315683;0.030061980148847214
0.95234787269431;0.3;0.0852820249402595;0.2346403666186575;0.01225984647405882;-0.026598077211426527
0.9169735914081275;0.3;0.0852820249402595;0.2100817664794776;0.0097841530822781;-0.0265725175572481
0.663441339535323;0.3;0.23534963607917833;0.25291950237269073;0.015094369153314458;0.09182059248297456
0.6693695961334537;0.3;0.2504594280223948;0.19269286679216435;0.019660938817117626;-0.08163938885861774
0.6838483881480951;0.3;0.2504594280223948;0.19642037379554964;0.016000152623698048;-0.08163953914707471
0.6697938743843493;0.3;0.1807578651777114;0.17770284869219471;0.014157725621004737;-0.005568927417697295
0.6822046050998508;0.3;0.31712151417245255;0.1696163258288023;0.015599462080927346;0.015149610207300851
0.7063281913985637;0.3;0.18432096447031782;0.21264547311676327;0.02091922444566166;-0.049687117128072805
0.5829800954377877;0.3;0.2050969824658468;0.2875848020489718;0.024148547598009044;0.10500316824942231
0.5947121843367841;0.3;0.20637396492410565;0.22293868474639414;0.01426406988709306;0.029840486517058132
0.6971260641248715;0.3;0.22328401848727727;0.19370616936587245;0.014566098209414308;-0.03207479506811245
0.6224476000987158;0.3;0.20637396492410565;0.24020971720551929;0.015509189042275573;0.029837450792299214
0.5632958727566092;0.3;0.2914376566218123;0.40431381270877337;0.02789412886853461;-0.018545634037092987
0.5583108637075501;0.3;0.2914376566218123;0.3995557170591651;0.024454655518530342;-0.018545634037092987
0.6064142050851391;0.3;0.2845087216174823;0.4019935237590077;0.020459584208659672;-0.01892257505236003
0.640087494082241;0.3;0.21503505887404795;0.31893930629425926;0.01672018607412966;0.12981047120736028
0.432246852320244;0.3;0.2556812146035458;0.2451087368541096;0.05222864004316954;0.06263100552344872
0.7030023962668702;0.3;0.19383292757778356;0.176016022460096;0.016755756037016598;-0.06191815937326238
0.6839141732583658;0.3;0.22567956013725532;0.25054393545207754;0.0160799118656787;0.06719217298083935
0.5209554402572606;0.3;0.23300405686737316;0.2040581475744187;0.036207831944614674;0.03995462565121526
0.5676249774801657;0.3;0.21899502337982926;0.19111189069682494;0.013924839654397751;0.013373501704289331
0.7688344547436009;0.3;0.1537306580072795;0.19951899787523886;0.012683232823841224;-0.00013370618993023553
0.8819763266901898;0.3;0.1338617122678175;0.20407265510750514;0.011433218543414283;-0.031100437128878736
0.7205290423893703;0.3;0.2411195739602359;0.2450596250975619;0.016099954019678887;0.07659581222106597
0.7124883139752864;0.3;0.2170732771318314;0.18964859885288077;0.017394919355168244;-0.02982413466339888
0.7323831735041838;0.3;0.2170732771318314;0.19433376830109148;0.016732575991159782;-0.029821636579092314
0.698867086463758;0.3;0.2411195739602359;0.23292079207114258;0.013592635964375401;0.07659708796708725
0.7265322034979558;0.3;0.2411195739602359;0.24658178771381228;0.01515035605085651;0.07659627416021933
0.7196790972188989;0.3;0.2170732771318314;0.19224313633442502;0.01729885021292689;-0.02986557766245318
0.9606484372617967;0.3;0.0852820249402595;0.21718859233552215;0.009002695706361256;-0.02659519413079249
0.9084162595212116;0.3;0.0852820249402595;0.200126287891139;0.008457760388104613;-0.026595715961129363
0.93775052432567;0.3;0.0852820249402595;0.2156124166698645;0.009996951042969347;-0.026589085090206854
0.8446046535820805;0.3;0.0852820249402595;0.19092665680421447;0.009846219154146381;-0.02661358883146929
0.8262521137874203;0.3;0.0852820249402595;0.18995453235955037;0.010150318942566643;-0.02657128134424655
0.8713046265003696;0.3;0.0852820249402595;0.19476395808935557;0.010148162206478555;-0.026589844227531106
0.9784311337305004;0.3;0.08757738048019685;0.24309147066251105;0.010022883681342663;0.030066019827238
0.7007518467033979;0.3;0.25067408968047944;0.1754428963860515;0.01731555840871458;-0.01873708035734377
0.6798696394104703;0.3;0.25067408968047944;0.16228492099958905;0.016393077973686505;-0.018738308253384205
0.7019513787141005;0.3;0.25067408968047944;0.1704889252749963;0.017006271965483592;-0.018740096376993108
0.6883503550814551;0.3;0.277898816276945;0.2048368048790364;0.018628647084245883;0.07110747656406721
0.5614473787339835;0.3;0.277898816276945;0.19322595041790463;0.01300579840447448;0.07110783219141296
0.9592139320996719;0.3;0.0852820249402595;0.22961286864571057;0.010746057377564889;-0.02654941304088483
0.968932656362449;0.3;0.08757738048019685;0.2502318558010014;0.010044047176557262;0.03006396796722932
0.8942653117964348;0.3;0.08757738048019685;0.2084864224257447;0.00767939571705613;0.030062202187907686
0.9864668856420689;0.3;0.0852820249402595;0.21633810733263245;0.007956439066295952;-0.026581687477603644
0.9401841242432749;0.3;0.0852820249402595;0.22301491791921643;0.010149600030537281;-0.026615441880794274
0.7253451853009408;0.3;0.23534963607917833;0.26903478983352996;0.01310071499812306;0.09182120364357238
0.6462153976802875;0.3;0.2504594280223948;0.16563680571568576;0.014652101921203196;-0.08164042400870418
0.6737605023040953;0.3;0.2504594280223948;0.18476745744858958;0.015958054030331098;-0.08164085187073983
0.6113516244208064;0.3;0.1807578651777114;0.15768449310381172;0.010347488899798456;-0.005560020390260864
0.6668024405783362;0.3;0.31712151417245255;0.16825027942834866;0.015633323588928903;0.015151392156686275
0.6798903644330296;0.3;0.18432096447031782;0.190286007419622;0.018704276175066127;-0.049701328034432835
0.609833531781023;0.3;0.2050969824658468;0.27136817800351637;0.023739751603477653;0.10500293801891473
0.6044829805984718;0.3;0.20637396492410565;0.22236752592815365;0.014104133912150032;0.029839664573266575
0.6736476568112195;0.3;0.22328401848727727;0.20906731567614956;0.014921417274028181;-0.03207491974441658
0.6140260411395945;0.3;0.20637396492410565;0.24542470895080784;0.015592539770333867;0.029840019019151884
0.5632958727566091;0.3;0.2914376566218123;0.40387513515098017;0.02836992268195187;-0.018545634037092987
0.5632958727566092;0.3;0.2914376566218123;0.40381890345395727;0.028455909515701976;-0.018545634037092987
0.6193729689753303;0.3;0.2845087216174823;0.42858302403324017;0.02062746919943095;-0.018807965256081124
0.6535204873901048;0.3;0.21503505887404795;0.28467522423084474;0.017862575753695455;0.12980961999099072
0.44827506867592376;0.3;0.2556812146035458;0.24364552506400886;0.0479870621233982;0.06262999293959637
